dataset_name,model,top_k,semantic_sim_mean,bleu_mean,tfidf_mean,response_time_mean,composite_score
sonar_gold_standard_dataset,InternVL3-2B-Instruct-Q5_K_M,5,0.8284852206707001,0.07835053227371945,0.5537954440341659,2.2147935152053835,0.5210378811606456
sonar_gold_standard_dataset,InternVL3-2B-Instruct-Q5_K_M,10,0.8440039694309235,0.05765381370903262,0.5767218132549624,2.3743144512176513,0.5279142758615679
sonar_gold_standard_dataset,InternVL3-2B-Instruct-Q5_K_M,15,0.8497276306152344,0.0889599127002311,0.5915822420138845,2.5229572057724,0.5440536986603285
sonar_reasoning_pro_gold_standard_dataset,InternVL3-2B-Instruct-Q5_K_M,15,0.8020857061658587,0.06734382841171957,0.5606165064281429,1.8597197192055839,0.5092223829183022
sonar_gold_standard_dataset,InternVL3-2B-Instruct-Q5_K_M,20,0.8319559156894684,0.10493495347759914,0.58972982684274,3.334960198402405,0.5411818003718891
sonar_reasoning_pro_gold_standard_dataset,InternVL3-2B-Instruct-Q5_K_M,20,0.8000039713723319,0.08211472804922508,0.5236383455272186,2.77438793863569,0.5017275106218659
sonar_gold_standard_dataset,InternVL3-2B-Instruct-Q5_K_M,25,0.8297055900096894,0.0967411922416134,0.558882604434926,3.8938884973526,0.5285693750068376
sonar_reasoning_pro_gold_standard_dataset,InternVL3-2B-Instruct-Q5_K_M,25,0.8125027673585075,0.09165423323264114,0.5400484430305972,2.836992025375366,0.5145119098223745
sonar_gold_standard_dataset,InternVL3_5-2B-Q6_K,5,0.7916868329048157,0.06080015274878189,0.5484906471071879,38.92308738231659,0.4994619731187172
sonar_gold_standard_dataset,InternVL3_5-2B-Q6_K,10,0.8358109712600708,0.08077969790844619,0.5570023777267508,31.566367173194884,0.5256590111945875
sonar_gold_standard_dataset,InternVL3_5-2B-Q6_K,15,0.8217505276203155,0.07906237607289555,0.5396895408700313,12.623379683494568,0.5143257861310043
sonar_reasoning_pro_gold_standard_dataset,InternVL3_5-2B-Q6_K,15,0.826090327330998,0.11033701189793275,0.575666473452207,11.942223821367536,0.5362371765374411
sonar_gold_standard_dataset,InternVL3_5-2B-Q6_K,20,0.8119259834289551,0.07190968105699387,0.5330651002734973,12.706867265701295,0.5062628277707294
sonar_reasoning_pro_gold_standard_dataset,InternVL3_5-2B-Q6_K,20,0.8049184339387077,0.08807928647638454,0.48493279669999145,12.457404068538121,0.49387099852839583
sonar_gold_standard_dataset,InternVL3_5-2B-Q6_K,25,0.8356641948223114,0.08880103988074674,0.5677888177700238,16.298498153686523,0.5312426352241557
sonar_reasoning_pro_gold_standard_dataset,InternVL3_5-2B-Q6_K,25,0.8109329087393624,0.09720249360337416,0.5573889083255689,11.590363570622035,0.5207505840744279
sonar_gold_standard_dataset,InternVL3_5-2B-Q8_0,5,0.8078495860099792,0.07445009153181675,0.5411063619372325,12.112619709968566,0.5078067704447066
sonar_gold_standard_dataset,InternVL3_5-2B-Q8_0,10,0.8385377705097199,0.09793645909426389,0.55759115278497,23.51126284599304,0.5320733917676581
sonar_gold_standard_dataset,InternVL3_5-2B-Q8_0,15,0.829009759426117,0.07833660141725945,0.5643636239781281,9.26156017780304,0.524413971389063
sonar_reasoning_pro_gold_standard_dataset,InternVL3_5-2B-Q8_0,15,0.8291566286768232,0.09497557617332121,0.5751768735288784,7.27789534841265,0.5327083863813892
sonar_gold_standard_dataset,InternVL3_5-2B-Q8_0,20,0.8264581084251403,0.07264275754785425,0.5842524104504854,20.5149507522583,0.5276517937695581
sonar_reasoning_pro_gold_standard_dataset,InternVL3_5-2B-Q8_0,20,0.806278509753091,0.08386684042348122,0.5126886236840219,20.635171788079397,0.5014780431334874
sonar_gold_standard_dataset,InternVL3_5-2B-Q8_0,25,0.8060697376728058,0.08604417179892158,0.524893585207883,14.581801295280457,0.5057092221711638
sonar_reasoning_pro_gold_standard_dataset,InternVL3_5-2B-Q8_0,25,0.8047058837754386,0.09922032149743899,0.4929529713892336,13.653731618608747,0.49953434137617725
sonar_gold_standard_dataset,InternVL3_5-8B-Q4_K_M,5,0.815820699930191,0.07478231612610534,0.5306222267542452,24.094658041000365,0.5079496428361815
sonar_gold_standard_dataset,InternVL3_5-8B-Q4_K_M,10,0.839557695388794,0.09993308011652179,0.5896644787513157,11.04544768333435,0.5427023458158688
sonar_gold_standard_dataset,InternVL3_5-8B-Q4_K_M,15,0.8502088844776153,0.1101813175972616,0.6138916356199775,25.201169109344484,0.5573054397562179
sonar_reasoning_pro_gold_standard_dataset,InternVL3_5-8B-Q4_K_M,15,0.834844878741673,0.13822712066753792,0.6151879442345234,26.116357735225133,0.5599624709672876
sonar_gold_standard_dataset,InternVL3_5-8B-Q4_K_M,20,0.8454665899276733,0.0957108537579999,0.6054963202622948,29.66666226387024,0.5485487881771578
sonar_reasoning_pro_gold_standard_dataset,InternVL3_5-8B-Q4_K_M,20,0.839555697781699,0.12957510876815143,0.6157482977706478,34.95940811293466,0.5594193010743194
sonar_gold_standard_dataset,InternVL3_5-8B-Q4_K_M,25,0.8203210949897766,0.10082694578343898,0.5912221684942358,18.190184140205382,0.5357431722792131
sonar_reasoning_pro_gold_standard_dataset,InternVL3_5-8B-Q4_K_M,25,0.7842241993972233,0.11682155278485207,0.582410513125679,17.2665080342974,0.5234592995320486
sonar_gold_standard_dataset,OpenGVLab_InternVL3_5-8B-Q6_K,5,0.8007756531238556,0.08606546676209885,0.5055434381789777,36.51941020488739,0.4977929327318652
sonar_gold_standard_dataset,OpenGVLab_InternVL3_5-8B-Q6_K,10,0.8281287014484405,0.1217495679292477,0.5841386004052127,15.581941628456116,0.5430179310797143
sonar_gold_standard_dataset,OpenGVLab_InternVL3_5-8B-Q6_K,15,0.7725641556084156,0.11206718388776356,0.558568688802233,12.808421277999878,0.5102164240503653
sonar_reasoning_pro_gold_standard_dataset,OpenGVLab_InternVL3_5-8B-Q6_K,15,0.698389858007431,0.10500439745493959,0.5292570256970068,9.733931166785103,0.4696343701485563
sonar_gold_standard_dataset,OpenGVLab_InternVL3_5-8B-Q6_K,20,0.8515549302101135,0.07367401150053335,0.5972947556003978,47.90785744190216,0.5419126022143248
sonar_reasoning_pro_gold_standard_dataset,OpenGVLab_InternVL3_5-8B-Q6_K,20,0.8110956379345485,0.0649362855737461,0.5648610230823986,59.10379481315613,0.5133774477706629
sonar_gold_standard_dataset,OpenGVLab_InternVL3_5-8B-Q6_K,25,0.8049620389938354,0.09428017180424285,0.5434596674426846,18.28011989593506,0.5133067673716125
sonar_reasoning_pro_gold_standard_dataset,OpenGVLab_InternVL3_5-8B-Q6_K,25,0.7574972850935799,0.08661512944317466,0.518921198199738,15.186122110911779,0.48465981233030575
sonar_gold_standard_dataset,Qwen3-4B-Instruct-2507-Q8_0,5,0.8532001078128815,0.08951746498811736,0.595472082081675,10.517809319496155,0.5467769072460903
sonar_gold_standard_dataset,Qwen3-4B-Instruct-2507-Q8_0,10,0.8612235486507416,0.10093567817705215,0.5860702970411584,12.001118350028992,0.5505912120257598
sonar_gold_standard_dataset,Qwen3-4B-Instruct-2507-Q8_0,15,0.8502882242202758,0.10140847214626296,0.5736545832425402,14.200827193260192,0.5426342063047512
sonar_reasoning_pro_gold_standard_dataset,Qwen3-4B-Instruct-2507-Q8_0,15,0.8260288664272853,0.12802235616163918,0.5448626034278471,9.446206297193255,0.5322770344477601
sonar_gold_standard_dataset,Qwen3-4B-Instruct-2507-Q8_0,20,0.8605978667736054,0.09591126272600933,0.56346414234564,14.078391766548156,0.542051768230937
sonar_reasoning_pro_gold_standard_dataset,Qwen3-4B-Instruct-2507-Q8_0,20,0.8411029236657279,0.11836336394818014,0.5533242743134894,9.564777612686157,0.5379474609447921
sonar_gold_standard_dataset,Qwen3-4B-Instruct-2507-Q8_0,25,0.8546456634998322,0.08292128206287902,0.5675829231150342,16.943606972694397,0.5370095269533068
sonar_reasoning_pro_gold_standard_dataset,Qwen3-4B-Instruct-2507-Q8_0,25,0.8299573319298881,0.10049570926518714,0.5565990548695837,11.309177126203265,0.5291113620123865
sonar_gold_standard_dataset,Qwen3-4B-Instruct-2507-UD-Q6_K_XL,5,0.8313685238361359,0.09984889676423118,0.5762179832520679,9.34211823940277,0.5353674735393441
sonar_gold_standard_dataset,Qwen3-4B-Instruct-2507-UD-Q6_K_XL,10,0.8444566369056702,0.10503641811299817,0.5975449133822814,10.901107335090638,0.548557054210852
sonar_gold_standard_dataset,Qwen3-4B-Instruct-2507-UD-Q6_K_XL,15,0.8673153758049011,0.11327722810682313,0.5818080647526231,13.589163732528686,0.5554517381797944
sonar_reasoning_pro_gold_standard_dataset,Qwen3-4B-Instruct-2507-UD-Q6_K_XL,15,0.830980224268777,0.13478878694922178,0.5399116041602676,9.335286957877022,0.5348022070403576
sonar_gold_standard_dataset,Qwen3-4B-Instruct-2507-UD-Q6_K_XL,20,0.8423201322555542,0.07456817166532553,0.5667607742472082,15.152368855476379,0.5293267366759818
sonar_reasoning_pro_gold_standard_dataset,Qwen3-4B-Instruct-2507-UD-Q6_K_XL,20,0.8273548313549587,0.10639358858426971,0.5800255379582856,10.405476127352033,0.53686767050475
sonar_gold_standard_dataset,Qwen3-4B-Instruct-2507-UD-Q6_K_XL,25,0.8503932058811188,0.07426950734514397,0.5483003358815884,15.49374454021454,0.5269282353204672
sonar_reasoning_pro_gold_standard_dataset,Qwen3-4B-Instruct-2507-UD-Q6_K_XL,25,0.8253106389726911,0.10441957512653399,0.553870917712502,10.115969555718559,0.5276114034407872
sonar_gold_standard_dataset,Qwen3-8B-Q4_K_M,5,0.8289050757884979,0.06253931867532192,0.5160029810989789,25.67966055870056,0.5051247202476895
sonar_gold_standard_dataset,Qwen3-8B-Q4_K_M,10,0.8244199931621552,0.06399893288820561,0.5348653176655628,24.748490262031556,0.5094272724309926
sonar_gold_standard_dataset,Qwen3-8B-Q4_K_M,15,0.832789421081543,0.08010461626617743,0.5593300439897553,23.14728651046753,0.5249461665093971
sonar_reasoning_pro_gold_standard_dataset,Qwen3-8B-Q4_K_M,15,0.8196036985942295,0.09523598200655448,0.5556995701381923,23.744186980383738,0.5231221450811159
sonar_gold_standard_dataset,Qwen3-8B-Q4_K_M,20,0.8424873411655426,0.08508136160496119,0.5357504372211113,29.844503688812257,0.5232444761140388
sonar_reasoning_pro_gold_standard_dataset,Qwen3-8B-Q4_K_M,20,0.8272780009678432,0.11534725045222152,0.5278983792399466,26.55390293257577,0.5238848892947877
sonar_gold_standard_dataset,Qwen3-8B-Q4_K_M,25,0.8397746801376342,0.09163106400071791,0.5363464912564099,30.29608025550842,0.524303138632192
sonar_reasoning_pro_gold_standard_dataset,Qwen3-8B-Q4_K_M,25,0.8249489409582955,0.11212363114702852,0.5522693575692169,27.04766035079956,0.5292974729981919
sonar_gold_standard_dataset,Qwen3-8B-Q5_K_M,5,0.7865280151367188,0.053845099323119795,0.5423658316509665,28.35768578052521,0.4934744853469134
sonar_gold_standard_dataset,Qwen3-8B-Q5_K_M,10,0.8566904306411743,0.08291520109950516,0.550508543401519,28.002854347229004,0.532703295606777
sonar_gold_standard_dataset,Qwen3-8B-Q5_K_M,15,0.8302307188510895,0.06128001130101194,0.5264158464717562,30.725372195243835,0.5084010448722662
sonar_reasoning_pro_gold_standard_dataset,Qwen3-8B-Q5_K_M,15,0.8288682869502476,0.08129216926791606,0.5211784866998211,27.932094165257045,0.5122885115704202
sonar_gold_standard_dataset,Qwen3-8B-Q5_K_M,20,0.842681610584259,0.06859169920758632,0.4918431240503246,38.22086145877838,0.5052030912110769
sonar_reasoning_pro_gold_standard_dataset,Qwen3-8B-Q5_K_M,20,0.8150449224880764,0.09125433984290018,0.533408299278583,31.11348864010402,0.5134167607316755
sonar_gold_standard_dataset,Qwen3-8B-Q5_K_M,25,0.829243952035904,0.06944119700179094,0.5261196981187659,34.69356386661529,0.5103658493505286
sonar_reasoning_pro_gold_standard_dataset,Qwen3-8B-Q5_K_M,25,0.7881985817636762,0.08309997339119905,0.5094941299262458,30.490761007581437,0.493057663700704
sonar_gold_standard_dataset,Qwen3-8B-Q6_K,5,0.8333927154541015,0.07463493313738054,0.5565694590418963,32.96643187999725,0.5227184038354237
sonar_gold_standard_dataset,Qwen3-8B-Q6_K,10,0.8502682507038116,0.0820020349627153,0.5464743253277622,26.551338815689085,0.5286502083686679
sonar_gold_standard_dataset,Qwen3-8B-Q6_K,15,0.8196612238883972,0.06959882736728461,0.5279527954099537,33.60940473079681,0.5071299763885304
sonar_reasoning_pro_gold_standard_dataset,Qwen3-8B-Q6_K,15,0.7907411626407078,0.08814656993391315,0.5321083378614037,31.89931011199951,0.5023729373948782
sonar_gold_standard_dataset,Qwen3-8B-Q6_K,20,0.8334301233291626,0.08011600957332793,0.5528846948934636,34.86187410354614,0.5232722606717024
sonar_reasoning_pro_gold_standard_dataset,Qwen3-8B-Q6_K,20,0.8075486591884068,0.11276579309227172,0.5875022877382852,28.505206039973668,0.5330998879245298
sonar_gold_standard_dataset,Qwen3-8B-Q6_K,25,0.8335315883159637,0.06890089924631837,0.5067559507565192,38.050297594070436,0.5061096903272368
sonar_reasoning_pro_gold_standard_dataset,Qwen3-8B-Q6_K,25,0.8051428709711347,0.08437138596001126,0.5407212515038861,32.32332927840097,0.5095849396276231
